filename,SITE,Latitude,Longitude
DSCN6976.jpg,AN 3,29.10377,-89.23895
DSCN6977.jpg,AN 3,29.10377,-89.23895
DSCN6979.jpg,RD 12,29.07561,-89.30251
DSCN6980.jpg,RD 12,29.07561,-89.30251
DSCN6981.jpg,RD 12,29.07561,-89.30251
DSCN6982.jpg,RD 12,29.07561,-89.30251
DSCN6983.jpg,RD 12,29.07561,-89.30251
DSCN6984.jpg,RD 12,29.07561,-89.30251
DSCN6985.jpg,RD 12,29.07561,-89.30251
DSCN6986.jpg,AN 3,29.10377,-89.23895
DSCN6987.jpg,RD 12,29.07561,-89.30251
DSCN6988.jpg,RD 12,29.07561,-89.30251
DSCN6989.jpg,AN 3,29.10377,-89.23895
DSCN6990.jpg,RD 12,29.07561,-89.30251
DSCN6991.jpg,AN 3,29.10377,-89.23895
DSCN6992.jpg,AN 3,29.10377,-89.23895
DSCN6993.jpg,AN 3,29.10377,-89.23895
DSCN6994.jpg,AN 3,29.10377,-89.23895
DSCN6995.jpg,RD 11,29.04263,-89.32935
DSCN6996.jpg,AN 3,29.10377,-89.23895
DSCN6997.jpg,RD 11,29.04263,-89.32935
DSCN6998.jpg,RD 11,29.04263,-89.32935
DSCN6999.jpg,RD 11,29.04263,-89.32935
DSCN7000.jpg,RD 11,29.04263,-89.32935
DSCN7001.jpg,RD 11,29.04263,-89.32935
DSCN7002.jpg,AN 3,29.10377,-89.23895
DSCN7003.jpg,RD 11,29.04263,-89.32935
DSCN7004.jpg,LM1,29.23061,-89.25949
DSCN7005.jpg,RD 11,29.04263,-89.32935
DSCN7006.jpg,LM1,29.23061,-89.25949
DSCN7007.jpg,LM1,29.23061,-89.25949
DSCN7008.jpg,LM1,29.23061,-89.25949
DSCN7009.jpg,RD 11,29.04263,-89.32935
DSCN7010.jpg,RD 11,29.04263,-89.32935
DSCN7011.jpg,LM1,29.23061,-89.25949
DSCN7012.jpg,LM1,29.23061,-89.25949
DSCN7013.jpg,LM1,29.23061,-89.25949
DSCN7014.jpg,JC 7,29.13588,-89.19337
DSCN7015.jpg,LM1,29.23061,-89.25949
DSCN7016.jpg,LM1,29.23061,-89.25949
DSCN7017.jpg,LM1,29.23061,-89.25949
DSCN7018.jpg,JC 7,29.13588,-89.19337
DSCN7019.jpg,JC 2.1,29.1641,-89.16682
DSCN7020.jpg,JC 2.1,29.1641,-89.16682
DSCN7021.jpg,JC 2.1,29.1641,-89.16682
DSCN7022.jpg,JC 7,29.13588,-89.19337
DSCN7023.jpg,JC 2.1,29.1641,-89.16682
DSCN7024.jpg,JC 7,29.13588,-89.19337
DSCN7025.jpg,JC 2.1,29.1641,-89.16682
DSCN7026.jpg,JC 7,29.13588,-89.19337
DSCN7027.jpg,JC 2.1,29.1641,-89.16682
DSCN7028.jpg,JC 7,29.13588,-89.19337
DSCN7029.jpg,JC 2.1,29.1641,-89.16682
DSCN7030.jpg,JC 7,29.13588,-89.19337
DSCN7031.jpg,JC 2.1,29.1641,-89.16682
DSCN7032.jpg,JC 2.1,29.1641,-89.16682
DSCN7033.jpg,JC 7,29.13588,-89.19337
DSCN7034.jpg,JC 2.1,29.1641,-89.16682
DSCN7035.jpg,JC 7,29.13588,-89.19337
DSCN7036.jpg,JC 7,29.13588,-89.19337
DSCN7037.jpg,RD 16,29.21217,-89.34052
DSCN7038.jpg,RD 15,29.18893,-89.30386
DSCN7039.jpg,RD 15,29.18893,-89.30386
DSCN7040.jpg,RD 15,29.18893,-89.30386
DSCN7041.jpg,RD 16,29.21217,-89.34052
DSCN7042.jpg,RD 16,29.21217,-89.34052
DSCN7043.jpg,RD 15,29.18893,-89.30386
DSCN7044.jpg,RD 16,29.21217,-89.34052
DSCN7045.jpg,RD 16,29.21217,-89.34052
DSCN7046.jpg,RD 16,29.21217,-89.34052
DSCN7047.jpg,RD 16,29.21217,-89.34052
DSCN7048.jpg,RD 15,29.18893,-89.30386
DSCN7049.jpg,RD 16,29.21217,-89.34052
DSCN7050.jpg,RD 16,29.21217,-89.34052
DSCN7051.jpg,RD 16,29.21217,-89.34052
DSCN7052.jpg,RD 15,29.18893,-89.30386
DSCN7053.jpg,RD 15,29.18893,-89.30386
DSCN7054.jpg,LM3,29.23283,-89.1853
DSCN7055.jpg,RD 15,29.18893,-89.30386
DSCN7056.jpg,LM3,29.23283,-89.1853
DSCN7057.jpg,RD 15,29.18893,-89.30386
DSCN7058.jpg,LM3,29.23283,-89.1853
DSCN7059.jpg,RD 15,29.18893,-89.30386
DSCN7060.jpg,LM3,29.23283,-89.1853
DSCN7061.jpg,LM3,29.23283,-89.1853
DSCN7062.jpg,LM3,29.23283,-89.1853
DSCN7063.jpg,LM3,29.23283,-89.1853
DSCN7064.jpg,LM3,29.23283,-89.1853
DSCN7065.jpg,LM3,29.23283,-89.1853
DSCN7066.jpg,JC 4,29.12454,-89.15278
DSCN7068.jpg,JC 4,29.12454,-89.15278
DSCN7069.jpg,JC 4,29.12454,-89.15278
DSCN7070.jpg,JC 4,29.12454,-89.15278
DSCN7071.jpg,JC 4,29.12454,-89.15278
DSCN7073.jpg,JC 4,29.12454,-89.15278
DSCN7074.jpg,JC 4,29.12454,-89.15278
DSCN7075.jpg,JC 4,29.12454,-89.15278
DSCN7076.jpg,AN 2,29.10388,-89.2392
DSCN7077.jpg,AN 2,29.10388,-89.2392
DSCN7078.jpg,AN 2,29.10388,-89.2392
DSCN7079.jpg,AN 2,29.10388,-89.2392
DSCN7080.jpg,AN 2,29.10388,-89.2392
DSCN7081.jpg,AN 2,29.10388,-89.2392
DSCN7082.jpg,AN 2,29.10388,-89.2392
DSCN7083.jpg,AN 2,29.10388,-89.2392
DSCN7084.jpg,JC 4,29.12454,-89.15278
DSCN7085.jpg,JC 4,29.12454,-89.15278
DSCN7086.jpg,JC 4,29.12454,-89.15278
DSCN7087.jpg,AN 2,29.10388,-89.2392
DSCN7088.jpg,AN 2,29.10388,-89.2392
DSCN7089.jpg,AN 2,29.10388,-89.2392
DSCN7090.jpg,AN 2,29.10388,-89.2392
DSCN7091.jpg,RD 14,29.17219,-89.28651
DSCN7092.jpg,RD 14,29.17219,-89.28651
DSCN7093.jpg,RD 10.1,28.99924,-89.36678
DSCN7095.jpg,RD 14,29.17219,-89.28651
DSCN7096.jpg,RD10.1,28.99924,-89.36678
DSCN7098.jpg,RD 14,29.17219,-89.28651
DSCN7099.jpg,RD 10.1,28.99924,-89.36678
DSCN7100.jpg,JC 1.1,29.16379,-89.13515
DSCN7101.jpg,JC 1.1,29.16379,-89.13515
DSCN7102.jpg,JC 1.1,29.16379,-89.13515
DSCN7103.jpg,JC 1.1,29.16379,-89.13515
DSCN7104.jpg,JC 1.1,29.16379,-89.13515
DSCN7105.jpg,AN 5.1,28.99694,-89.15366
DSCN7106.jpg,AN 5.1,28.99694,-89.15366
DSCN7107.jpg,AN 5.1,28.99694,-89.15366
DSCN7108.jpg,AN 5.1,28.99694,-89.15366
DSCN7109.jpg,AN 5.1,28.99694,-89.15366
DSCN7110.jpg,AN 5.1,28.99694,-89.15366
DSCN7111.jpg,AN 5.1,28.99694,-89.15366
DSCN7112.jpg,AN 5.1,28.99694,-89.15366
DSCN7113.jpg,AN 5.1,28.99694,-89.15366
DSCN7115.jpg,AN 5.1,28.99694,-89.15366
DSCN7116.jpg,JC 1.1,29.16379,-89.13515
DSCN7117.jpg,JC 1.1,29.16379,-89.13515
DSCN7118.jpg,RD 14,29.17219,-89.28651
DSCN7119.jpg,RD 14,29.17219,-89.28651
DSCN7120.jpg,RD 14,29.17219,-89.28651
DSCN7121.jpg,RD 14,29.17219,-89.28651
DSCN7122.jpg,RD 14,29.17219,-89.28651
DSCN7123.jpg,RD 14,29.17219,-89.28651
DSCN7124.jpg,RD 14,29.17219,-89.28651
DSCN7125.jpg,JC 6,29.13644,-89.19331
DSCN7126.jpg,JC 6,29.13644,-89.19331
DSCN7127.jpg,JC 6,29.13644,-89.19331
DSCN7128.jpg,JC 3.2,29.11398,-89.13481
DSCN7129.jpg,JC 6,29.13644,-89.19331
DSCN7130.jpg,JC 6,29.13644,-89.19331
DSCN7131.jpg,JC 3.2,29.11398,-89.13481
DSCN7132.jpg,JC 6,29.13644,-89.19331
DSCN7133.jpg,JC 6,29.13644,-89.19331
DSCN7134.jpg,JC 6,29.13644,-89.19331
DSCN7135.jpg,JC 6,29.13644,-89.19331
DSCN7136.jpg,JC 6,29.13644,-89.19331
DSCN7137.jpg,JC 6,29.13644,-89.19331
DSCN7138.jpg,JC 3.2,29.11398,-89.13481
DSCN7139.jpg,JC 3.2,29.11398,-89.13481
DSCN7140.jpg,AN 1,29.1309,-89.22488
DSCN7141.jpg,JC 3.2,29.11398,-89.13481
DSCN7142.jpg,AN 1,29.1309,-89.22488
DSCN7143.jpg,AN 1,29.1309,-89.22488
DSCN7144.jpg,AN 1,29.1309,-89.22488
DSCN7145.jpg,JC 3.2,29.11398,-89.13481
DSCN7146.jpg,AN 1,29.1309,-89.22488
DSCN7147.jpg,AN 1,29.1309,-89.22488
DSCN7148.jpg,JC 3.2,29.11398,-89.13481
DSCN7149.jpg,JC 3.2,29.11398,-89.13481
DSCN7150.jpg,JC 3.2,29.11398,-89.13481
DSCN7151.jpg,JC 3.2,29.11398,-89.13481
DSCN7152.jpg,LM5,29.2653,-89.19717
DSCN7153.jpg,LM5,29.2653,-89.19717
DSCN7154.jpg,LM5,29.2653,-89.19717
DSCN7155.jpg,LM5,29.2653,-89.19717
DSCN7156.jpg,LM5,29.2653,-89.19717
DSCN7157.jpg,LM5,29.2653,-89.19717
DSCN7158.jpg,LM5,29.2653,-89.19717
DSCN7159.jpg,LM5,29.2653,-89.19717
DSCN7160.jpg,LM5,29.2653,-89.19717
DSCN7161.jpg,AN 6,29.01127,-89.17683
DSCN7162.jpg,AN 6,29.01127,-89.17683
DSCN7163.jpg,AN 6,29.01127,-89.17683
DSCN7164.jpg,AN 6,29.01127,-89.17683
DSCN7165.jpg,AN 6,29.01127,-89.17683
DSCN7166.jpg,AN 6,29.01127,-89.17683
DSCN7167.jpg,AN 6,29.01127,-89.17683
DSCN7168.jpg,AN 6,29.01127,-89.17683
DSCN7169.jpg,AN 6,29.01127,-89.17683
DSCN7170.jpg,AN 6,29.01127,-89.17683
DSCN7171.jpg,JC 8.2,29.0473,-89.18246
DSCN7172.jpg,JC 8.2,29.0473,-89.18246
DSCN7173.jpg,JC 8.2,29.0473,-89.18246
DSCN7174.jpg,JC 8.2,29.0473,-89.18246
DSCN7175.jpg,JC 8.2,29.0473,-89.18246
DSCN7176.jpg,JC 8.2,29.0473,-89.18246
DSCN7177.jpg,JC 8.2,29.0473,-89.18246
DSCN7178.jpg,JC 8.2,29.0473,-89.18246
DSCN7179.jpg,JC 8.2,29.0473,-89.18246
DSCN7180.jpg,LM6,29.27847,-89.23392
DSCN7181.jpg,LM6,29.27847,-89.23392
DSCN7182.jpg,JC 5.1,29.12703,-89.18802
DSCN7183.jpg,LM6,29.27847,-89.23392
DSCN7184.jpg,JC 5.1,29.12703,-89.18802
DSCN7185.jpg,LM6,29.27847,-89.23392
DSCN7186.jpg,JC 5.1,29.12703,-89.18802
DSCN7187.jpg,LM6,29.27847,-89.23392
DSCN7188.jpg,LM6,29.27847,-89.23392
DSCN7189.jpg,LM6,29.27847,-89.23392
DSCN7190.jpg,JC 5.1,29.12703,-89.18802
DSCN7191.jpg,LM6,29.27847,-89.23392
DSCN7192.jpg,JC 5.1,29.12703,-89.18802
DSCN7193.jpg,LM6,29.27847,-89.23392
DSCN7194.jpg,LM6,29.27847,-89.23392
DSCN7195.jpg,JC 5.1,29.12703,-89.18802
DSCN7196.jpg,JC 5.1,29.12703,-89.18802
DSCN7197.jpg,JC 5.1,29.12703,-89.18802
DSCN7198.jpg,JC 5.1,29.12703,-89.18802
DSCN7199.jpg,JC 5.1,29.12703,-89.18802
DSCN7200.jpg,JC 5.1,29.12703,-89.18802
DSCN7201.jpg,RD 13,29.11478,-89.27948
DSCN7202.jpg,RD 13,29.11478,-89.27948
DSCN7203.jpg,RD 13,29.11478,-89.27948
DSCN7204.jpg,RD 13,29.11478,-89.27948
DSCN7205.jpg,RD 13,29.11478,-89.27948
DSCN7206.jpg,RD 13,29.11478,-89.27948
DSCN7207.jpg,RD 13,29.11478,-89.27948
DSCN7208.jpg,RD 13,29.11478,-89.27948
DSCN7209.jpg,RD 13,29.11478,-89.27948
DSCN7210.jpg,RD 13,29.11478,-89.27948
DSCN7211.jpg,AN 4,29.03784,-89.19899
DSCN7212.jpg,AN 4,29.03784,-89.19899
DSCN7213.jpg,AN 4,29.03784,-89.19899
DSCN7214.jpg,AN 4,29.03784,-89.19899
DSCN7215.jpg,AN 4,29.03784,-89.19899
DSCN7216.jpg,AN 4,29.03784,-89.19899
DSCN7217.jpg,AN 4,29.03784,-89.19899
DSCN7218.jpg,AN 4,29.03784,-89.19899
DSCN7219.jpg,AN 4,29.03784,-89.19899
DSCN7220.jpg,LM4,29.29374,-89.16685
DSCN7221.jpg,AN 4,29.03784,-89.19899
DSCN7222.jpg,LM4,29.29374,-89.16685
DSCN7223.jpg,LM4,29.29374,-89.16685
DSCN7224.jpg,LM4,29.29374,-89.16685
DSCN7225.jpg,RD 10.1,28.99924,-89.36678
DSCN7226.jpg,LM4,29.29374,-89.16685
DSCN7227.jpg,LM4,29.29374,-89.16685
DSCN7228.jpg,RD 10.1,28.99924,-89.36678
DSCN7229.jpg,LM4,29.29374,-89.16685
DSCN7230.jpg,LM4,29.29374,-89.16685
DSCN7231.jpg,LM4,29.29374,-89.16685
DSCN7232.jpg,RD 10.1,28.99924,-89.36678
DSCN7233.jpg,RD 10.1,28.99924,-89.36678
DSCN7234.jpg,AN 7,29.03789,-89.21882
DSCN7235.jpg,AN 7,29.03789,-89.21882
DSCN7236.jpg,RD 10.1,28.99924,-89.36678
DSCN7237.jpg,AN 7,29.03789,-89.21882
DSCN7238.jpg,AN 7,29.03789,-89.21882
DSCN7239.jpg,RD 10.1,28.99924,-89.36678
DSCN7240.jpg,AN 7,29.03789,-89.21882
DSCN7241.jpg,AN 7,29.03789,-89.21882
DSCN7242.jpg,RD 10.1,28.99924,-89.36678
DSCN7243.jpg,AN 7,29.03789,-89.21882
DSCN7244.jpg,AN 7,29.03789,-89.21882
DSCN7245.jpg,AN 7,29.03789,-89.21882
DSCN7246.jpg,AN 7,29.03789,-89.21882
